{"cameraMode":{"drawMode":0,"name":"Shaded","section":"Shading Mode"},"sceneLighting":false,"audioPlay":false,"sceneViewState":{"showFog":true,"showMaterialUpdate":false,"showSkybox":true,"showFlares":true,"showImageEffects":true,"showParticleSystems":true},"in2DMode":false,"pivot":{"x":0.0,"y":-0.15853047370910645,"z":1.700419306755066},"rotation":{"x":0.20605313777923585,"y":-0.5594455599784851,"z":0.14601846039295197,"w":0.7894563674926758},"size":37.16988754272461,"orthographic":false}