{"cameraMode":{"drawMode":0,"name":"Shaded","section":"Shading Mode"},"sceneLighting":false,"audioPlay":false,"sceneViewState":{"showFog":true,"showMaterialUpdate":false,"showSkybox":true,"showFlares":true,"showImageEffects":true,"showParticleSystems":true},"in2DMode":false,"pivot":{"x":0.0,"y":-4.905000686645508,"z":3.2727999687194826},"rotation":{"x":0.20605313777923585,"y":-0.5594455599784851,"z":0.14601846039295197,"w":0.7894563674926758},"size":28.619422912597658,"orthographic":false}