{"cameraMode":{"drawMode":0,"name":"Shaded","section":"Shading Mode"},"sceneLighting":false,"audioPlay":false,"sceneViewState":{"showFog":true,"showMaterialUpdate":false,"showSkybox":true,"showFlares":true,"showImageEffects":true,"showParticleSystems":true},"in2DMode":false,"pivot":{"x":1285.123046875,"y":1077.1639404296875,"z":555.0458984375},"rotation":{"x":0.26668012142181399,"y":-0.22438859939575196,"z":0.06399241089820862,"w":0.9351130723953247},"size":2949.685546875,"orthographic":false}