{"cameraMode":{"drawMode":0,"name":"Shaded","section":"Shading Mode"},"sceneLighting":false,"audioPlay":false,"sceneViewState":{"showFog":true,"showMaterialUpdate":false,"showSkybox":true,"showFlares":true,"showImageEffects":true,"showParticleSystems":true},"in2DMode":false,"pivot":{"x":0.0,"y":0.808866024017334,"z":0.06999969482421875},"rotation":{"x":0.11237642914056778,"y":-0.5033560991287231,"z":0.06622201204299927,"w":0.8541772961616516},"size":28.299928665161134,"orthographic":false}